Minuto,Agente,Acción,Razón,Observación
0:00,Sistema,"Iniciando monitoreo","Comenzar evaluación de Gemini 3","Contador comenzó - Esperando respuesta de Gemini"
1:00,Gemini3,"Crear DevConsoleComponent (TS)","Core component logic","364 líneas: Parser de comandos, historial, persistencia en localStorage. Switch statement para 11 comandos. HostListener para Ctrl+K. Muy completo."
2:00,Gemini3,"Crear DevConsoleComponent (HTML)","Template overlay","21 líneas: Estructura limpia. Overlay con toggle visibility. Log display con scroll. Input con enter binding."
3:00,Gemini3,"Crear DevConsoleComponent (SCSS)","Estilos terminal","108 líneas: Dark theme (#1e1e1e). Scrollbar custom. Log types (info/success/error/warning/command). Diseño profesional tipo VS Code."
4:00,Gemini3,"Modificar ThreeEngineService","Agregar métodos dev mode","220 líneas: setGameSpeed(), toggleGodMode(), toggleAutoShoot(), setDamageMultiplier(), toggleInvisibility(), killAllEnemies(), spawnEnemy(type,count), spawnWave(), getGameStats(). Todos retornan valores para logging."
5:00,Gemini3,"Implementar God Mode en colisiones","Lógica de protección","2 checks: if godMode return (sin daño). if invisible return (enemigos no atacan). Integrado en checkEnemyAttackCollision()."
6:00,Gemini3,"Implementar damageMultiplier","Escalado de daño","Aplicado en projectile collision: damage *= damageMultiplier si existe. Modifier dinámico."
7:00,Gemini3,"Implementar invisibility visual","Efecto sprite","toggleInvisibility() modifica sprite.material.opacity (0.5 si invisible, 1.0 normal). Efecto inmediato."
8:00,Gemini3,"Remover Q,W,E,R keys","Limpiar conflictos WASD","Removió listeners old speed controls. Ahora SOLO Ctrl+K abre consola. WASD libre para movimiento."
9:00,Gemini3,"Modificar autoShoot logic","Control desde dev mode","Agregó check: if autoShootEnabled === false return. Default enabled (backward compat)."
10:00,Gemini3,"Integrar DevConsoleComponent","Inyectar en three-game","Falta: Agregar <app-dev-console> a three-game.component.html. Falta: Importar en three-game.component.ts. INCOMPLETO."
11:00,Gemini3,"Completar integración en three-game.ts","Importar componente","SÍ LO HIZO: Línea 8 importó DevConsoleComponent. Línea 15 agregó a imports."
12:00,Gemini3,"Completar integración en three-game.html","Agregar template","SÍ LO HIZO: Línea 59 <app-dev-console></app-dev-console> agregado al template."
13:00,Sistema,"Compilación final","Verificar integridad","✅ BUILD EXITOSO - Sin errores de TypeScript. Todo integrado correctamente."
14:00,Sistema,"IMPLEMENTACIÓN COMPLETADA","Evaluación final","🏆 GEMINI 3 COMPLETÓ 100% DEL PLAN. Código compilado y funcional."
